{
  "project_info": {
    "project_number": "1062125025960",
    "project_id": "nawaz-project-a9fe2",
    "storage_bucket": "nawaz-project-a9fe2.firebasestorage.app"
  },
  "client": [
    {
      "client_info": {
        "mobilesdk_app_id": "1:1062125025960:android:29a999b6da1bdd7311a09d",
        "android_client_info": {
          "package_name": "com.example.hafizmnawaz"
        }
      },
      "oauth_client": [],
      "api_key": [
        {
          "current_key": "AIzaSyB14M06BIKychz5PtMjirV9r5smqBFICis"
        }
      ],
      "services": {
        "appinvite_service": {
          "other_platform_oauth_client": []
        }
      }
    }
  ],
  "configuration_version": "1"
}